id,order_number,customer_account_id,branch_id,status,created_at,grand_total,order_total,net_total,vat_total,subtotal,canonical_order_items_total,customer_ledger_invoice_total,customer_invoice_total,active_allocated,classification
6f1f9816-ee64-495d-b30c-8395dca4f6df,ORD-1782236379584,a9a2e130-f584-40ea-a288-b2901bca39fb,4c621f1e-5e75-47b9-a6e0-0f6f46c3b0b0,Delivered,2026-06-23 17:39:40.267501,0,813.85,813.85,0.00,813.85,813.85,813.85,813.85,813.85,VALID LEGACY INVOICE - order header total stale
b7dcf1e4-9532-4253-aa14-a7059cb63e96,ORD-1782382305857,9d512b68-645b-4643-8d9a-e8cd8941c779,,Delivered,2026-06-25 10:11:51.358345,0,208.00,0,0,0.00,179.50,,179.50,179.50,VALID LEGACY INVOICE - order header total stale
a0385599-ff28-44d5-b815-175a7025e65f,ORD-1782383765878,d4cf28c6-803f-4d60-9909-e11a6d202059,,Delivered,2026-06-25 10:36:12.614061,0,709.91,0,0,0.00,614.84,,614.84,614.84,VALID LEGACY INVOICE - order header total stale
6ecdcbd7-c3c3-4bd9-ad59-8a3c2e8feb69,ORD-1782384272619,cf77177c-1a9d-4fe2-8b32-ee8d08c6fb68,,Delivered,2026-06-25 10:44:38.312744,0,557.50,0,0,0.00,531.98,,531.98,531.98,VALID LEGACY INVOICE - order header total stale
753abf3e-0766-424f-973e-8ad439b27c18,ORD-1782399573268,66e693be-2c8c-4f60-a50b-914396060f91,,Delivered,2026-06-25 14:59:33.677061,0,612.00,0,0,0.00,478.50,,478.50,478.50,VALID LEGACY INVOICE - order header total stale
7fa1fe68-a02b-4129-b5b5-e0574f8328b2,ORD-1782415703998,3c525a75-a937-4320-ac36-8e56ed3aa678,,Delivered,2026-06-25 19:28:24.340945,0,275.72,0,0,0.00,244.68,,244.68,244.68,VALID LEGACY INVOICE - order header total stale
3dee0a46-f7cb-40eb-89f0-fd18d8389899,ORD-1782473098129,0449f4e8-7ef5-45c6-990b-8ab8bd80f6fd,,Delivered,2026-06-26 11:24:58.347959,0,693.75,0,0,0.00,658.10,,658.10,605.85,VALID LEGACY INVOICE - order header total stale
fdbe4864-88c3-4c7e-bcb0-a54bdecd1e82,ORD-1782473687140,a9a2e130-f584-40ea-a288-b2901bca39fb,d1adb697-2de3-4cf6-b898-aa16e32d4a79,Delivered,2026-06-26 11:34:47.339827,0,832.25,0,0,0.00,759.75,759.75,759.75,759.75,VALID LEGACY INVOICE - order header total stale
9a6ded0c-a2b2-4064-b961-c2b00ff38604,ORD-1782475316696,5a17e23f-b252-423f-8574-26888dd487b2,,Delivered,2026-06-26 12:01:56.147479,0,178.46,0,0,0.00,190.00,,190.00,190.00,VALID LEGACY INVOICE - order header total stale
b85d8057-5427-4c96-bcae-5edd1f980f5a,ORD-1782475989143,6d2d66c7-81fa-43d4-95a9-ea3f450c7be1,,Delivered,2026-06-26 12:13:09.227047,0,380.08,316.73,63.35,316.73,546.55,380.08,546.55,546.55,VALID LEGACY INVOICE - order header total stale
ebfeec03-edff-4252-a713-a9f1dd621126,ORD-1782482016846,aa9fd387-792b-44dc-90e9-d1d7c4822277,,Delivered,2026-06-26 13:53:36.972569,0,236.50,0,0,0.00,446.72,,446.72,446.72,VALID LEGACY INVOICE - order header total stale
31fdc313-d922-4577-b393-742868daa352,ORD-1782563298437,03e4191e-9413-47e2-91f4-220384a0fece,,Delivered,2026-06-27 12:28:19.597156,0,334.22,0,0,0.00,347.08,,347.08,347.08,VALID LEGACY INVOICE - order header total stale
f8cd7824-8221-48fc-8993-62ec0ccbc35f,ORD-1782563657413,b5c546d2-2b21-48f4-af55-7b0d13fa3791,,Delivered,2026-06-27 12:34:18.554589,0,213.00,0,0,0.00,297.27,,297.27,297.27,VALID LEGACY INVOICE - order header total stale
0f3b5266-9455-428a-bb13-25755c022671,ORD-1782678864825,7121f685-1d2f-4ec1-81ad-a775581e1665,,Delivered,2026-06-28 20:34:24.958328,0,210.25,0,0,0.00,131.75,131.75,131.75,131.75,VALID LEGACY INVOICE - order header total stale
551a7598-0e71-4235-992d-19d3712c48f0,ORD-1782981495034,d4cf28c6-803f-4d60-9909-e11a6d202059,,Delivered,2026-07-02 08:38:14.097767,0,790.20,0,131.70,0.00,634.20,,634.20,634.20,VALID LEGACY INVOICE - order header total stale
96188fa0-4cec-4801-bfa0-3afbff692d45,ORD-1782981920806,f5874ce0-a9f1-46f6-90ae-6fe899066407,,Delivered,2026-07-02 08:45:21.087283,0,606.90,0,101.15,0.00,537.30,,537.30,537.30,VALID LEGACY INVOICE - order header total stale
e7d85216-ed21-442f-b738-3a69e98561a3,ORD-1782994760267,cf77177c-1a9d-4fe2-8b32-ee8d08c6fb68,,Delivered,2026-07-02 12:19:31.047425,0,403.32,0,0,0.00,445.14,,445.14,445.14,VALID LEGACY INVOICE - order header total stale
eecef408-0d77-48e2-a609-ba98bc988a13,ORD-1783018640672,3c525a75-a937-4320-ac36-8e56ed3aa678,,Delivered,2026-07-02 18:57:20.853309,0,431.40,0,71.90,0.00,359.40,,359.40,359.40,VALID LEGACY INVOICE - order header total stale
740c9121-04a6-4830-981b-e34da5747f0d,ORD-1783022404316,2b47678a-6482-4c53-ae2b-838ee7f770d5,,Delivered,2026-07-02 20:00:04.647783,0,484.2,0,93.35,0.00,484.20,484.20,484.20,484.20,VALID LEGACY INVOICE - order header total stale
4e075505-b463-4c74-90cd-826155bc6561,ORD-1783023142806,63d35c9e-bff6-4bf0-8336-8e5f09af4751,,Delivered,2026-07-02 20:12:23.204798,0,1336.20,0,222.70,0.00,1357.20,1357.20,1357.20,1357.20,VALID LEGACY INVOICE - order header total stale
fdfc349c-58ac-40f5-ad09-279cc9ab11fc,ORD-1783073506539,0449f4e8-7ef5-45c6-990b-8ab8bd80f6fd,,Delivered,2026-07-03 10:11:32.062723,0,1205.50,0,0.00,0.00,1226.00,,1226.00,1226.00,VALID LEGACY INVOICE - order header total stale
1c566632-8cdd-4d02-9520-db048456f6fa,ORD-1783074670413,e1f2010f-7024-404c-91fe-9a4ae0748c66,,Delivered,2026-07-03 10:30:55.725306,0,528.90,0,88.15,0.00,421.50,,421.50,421.50,VALID LEGACY INVOICE - order header total stale
6ba7ae37-8a62-4803-96ee-84636e20a086,ORD-1783075377516,9d512b68-645b-4643-8d9a-e8cd8941c779,,Delivered,2026-07-03 10:42:42.832017,0,330.00,0,0.00,0.00,313.25,,313.25,313.25,VALID LEGACY INVOICE - order header total stale
28f46dbe-c3bb-4421-971a-3ad3029eb049,ORD-1783076255459,6d2d66c7-81fa-43d4-95a9-ea3f450c7be1,,Delivered,2026-07-03 10:57:20.694415,0,285.30,0,47.55,0.00,266.70,,266.70,266.70,VALID LEGACY INVOICE - order header total stale
c7de9bac-6155-4a7b-9680-81ec3cb8bea9,ORD-1783076756318,acaa9912-50b3-4358-bc3e-d4f951217907,,Delivered,2026-07-03 11:05:41.525731,0,341.40,0,56.90,0.00,315.00,,315.00,135.00,VALID LEGACY INVOICE - order header total stale
2b680ee2-389b-44c8-8106-bc82d775658f,ORD-1783077151402,7d53e1ff-2aa6-47b2-9f58-739a5f1efdd8,,Delivered,2026-07-03 11:12:16.709069,0,132.90,0,22.15,0.00,123.30,,123.30,123.30,VALID LEGACY INVOICE - order header total stale
27850629-a5b3-49bc-80b3-cbce89f1a89b,ORD-1783148387031,a9a2e130-f584-40ea-a288-b2901bca39fb,0d3f6e8c-5c98-443f-b3b3-4c8af20214c8,Delivered,2026-07-04 06:59:47.85692,0,823.95,823.95,0.00,823.95,823.95,823.95,823.95,200.00,VALID LEGACY INVOICE - order header total stale
ebcf105d-e56a-4bf7-8b58-4cb585cafddc,ORD-1783170919330,a9a2e130-f584-40ea-a288-b2901bca39fb,4c621f1e-5e75-47b9-a6e0-0f6f46c3b0b0,Delivered,2026-07-04 13:15:18.495197,0,328.75,328.75,0.00,328.75,328.75,328.75,328.75,328.75,VALID LEGACY INVOICE - order header total stale
ebd4e1bd-1e33-4f0a-9095-0bc2ddf91af5,ORD-1783252183258,a9a2e130-f584-40ea-a288-b2901bca39fb,d1adb697-2de3-4cf6-b898-aa16e32d4a79,Delivered,2026-07-05 11:49:43.497853,0,381.25,381.25,0.00,381.25,381.25,,381.25,381.25,VALID LEGACY INVOICE - order header total stale
37c527c4-fdff-4a1a-9ebc-33124a5b6966,ORD-1783300314589,7a673fb8-e01d-4165-8c12-3d243f5eb7b3,8f598571-db45-424b-9d23-1fe2fba98d78,Delivered,2026-07-06 01:11:55.214244,0,43.00,43.00,0.00,43.00,43.00,43.00,43.00,43.00,VALID LEGACY INVOICE - order header total stale
652d2a47-0924-4e66-8c7f-0ef502cd324d,ORD-1783336538670,ff7bbdd8-8f0a-43a3-923b-a55733e538bf,,Delivered,2026-07-06 11:15:38.287044,0,212.91,212.91,0.00,212.91,215.50,215.50,215.50,209.00,VALID LEGACY INVOICE - order header total stale
748c1243-77f3-48f9-935c-339629d79adc,ORD-1783336727703,76a3d0b9-e1a5-49e9-908e-7dbfbaee88ed,,Delivered,2026-07-06 11:18:47.341795,0,100.00,100.00,0.00,100.00,175.50,175.50,175.50,93.50,VALID LEGACY INVOICE - order header total stale
81645d53-5a71-4717-a3cd-35a564641d13,ORD-1783336993290,2d369617-9422-46d7-8cf5-617bf2761549,,Delivered,2026-07-06 11:23:12.826434,0,132.75,132.75,0.00,132.75,132.75,132.75,132.75,132.75,VALID LEGACY INVOICE - order header total stale
0a74a58d-850d-4959-87f0-04688d29da29,ORD-1783344290359,73639b7d-641d-4761-a2c8-a2e594dd8542,,Delivered,2026-07-06 13:24:50.085557,0,64.00,64.00,0.00,64.00,64.00,64.00,64.00,64.00,VALID LEGACY INVOICE - order header total stale
4f6f9c5a-f144-4b4e-847f-3965f2132d90,ORD-1783427132125,03e4191e-9413-47e2-91f4-220384a0fece,,Delivered,2026-07-07 12:25:31.419912,0,741.32,617.77,123.55,617.77,738.37,741.32,738.37,738.37,VALID LEGACY INVOICE - order header total stale
516a8756-ca53-4480-8ab8-ea5065459996,ORD-1783434947080,1c91b4f7-dd37-479f-aa86-52d6e3d70587,,Delivered,2026-07-07 14:35:46.452481,0,493.25,493.25,0.00,493.25,493.25,493.25,493.25,493.25,VALID LEGACY INVOICE - order header total stale
cbb0efc0-0a44-47f6-8a15-4e0025c6ad05,ORD-1783436909733,bef856cc-8a99-43f8-8b44-ca003117e745,e4f65bc0-4602-4e2e-a8ed-1607c7057f8f,Delivered,2026-07-07 15:08:28.987123,0,740.50,740.50,0.00,740.50,740.50,740.50,740.50,272.97,VALID LEGACY INVOICE - order header total stale
2423c083-4065-46f2-b713-4024a5122c7f,ORD-1783438174079,a9a2e130-f584-40ea-a288-b2901bca39fb,a5557592-4b4f-4d51-8044-2ffb4c927db1,Delivered,2026-07-07 15:29:33.362957,0,443.75,443.75,0.00,443.75,443.75,443.75,443.75,344.75,VALID LEGACY INVOICE - order header total stale
300c5907-0d6c-407f-906d-ff41870474f6,ORD-1783440162526,b5c546d2-2b21-48f4-af55-7b0d13fa3791,,Delivered,2026-07-07 16:02:41.718383,0,590.75,590.75,0.00,590.75,625.00,625.00,625.00,625.00,VALID LEGACY INVOICE - order header total stale
356b9c3a-3f24-4703-8776-d14ac8260a7a,ORD-1783447160388,a9a2e130-f584-40ea-a288-b2901bca39fb,fa06e841-ff27-40ee-a549-1bb1da64f8fc,Delivered,2026-07-07 17:59:19.925398,0,1233.00,1233.00,0.00,1233.00,1233.00,1233.00,1233.00,1233.00,VALID LEGACY INVOICE - order header total stale
9fada589-39ae-4d2e-a287-7c2d06b3fb83,ORD-1783463051863,4a1eae4b-2f28-422a-83c1-74d8432a5e89,3d5d6b7b-0dc0-4272-ab89-1cf7eedf9728,Delivered,2026-07-07 22:24:11.97487,0,0.00,0.00,0.00,0.00,107.00,107.00,107.00,107.00,VALID LEGACY INVOICE - order header total stale
fc82eb26-8d66-4edc-b751-91ad7b5f0dad,ORD-1783505691990,f37f80b1-c5fb-46c4-b5db-e909c0b4b66c,,Delivered,2026-07-08 10:14:52.041075,0,4.59,4.59,0.00,4.59,45.98,45.98,45.98,45.98,VALID LEGACY INVOICE - order header total stale
1dd520e4-a097-4b2f-9c13-9886f9844ab1,ORD-1783506296669,f37f80b1-c5fb-46c4-b5db-e909c0b4b66c,,Delivered,2026-07-08 10:24:56.722924,0,214.00,214.00,0.00,214.00,214.00,214.00,214.00,214.00,VALID LEGACY INVOICE - order header total stale
ef88d903-7d05-4fe9-b480-9ee5e2e19db5,ORD-1783512989675,a9a2e130-f584-40ea-a288-b2901bca39fb,14ecdcd3-f761-4de5-a5e0-4fb8b2230b9e,Delivered,2026-07-08 12:16:28.924425,0,697.25,697.25,0.00,697.25,697.25,697.25,697.25,697.25,VALID LEGACY INVOICE - order header total stale
2f2d7417-d5b1-483a-9655-ba4b232ddccf,ORD-1783518789371,cb389636-9b2d-4be1-a1d7-6c61b27fea3c,3dd0504a-bdc6-467f-807d-64d5f779c06e,Delivered,2026-07-08 13:53:08.636266,0,921.00,921.00,0.00,921.00,921.00,921.00,921.00,500.00,VALID LEGACY INVOICE - order header total stale
af4af535-7dd1-4eb5-a9aa-bf8b9083e837,ORD-1783521038390,63d35c9e-bff6-4bf0-8336-8e5f09af4751,,Delivered,2026-07-08 14:30:37.74706,0,318.34,265.28,53.06,265.28,318.34,318.34,318.34,318.34,VALID LEGACY INVOICE - order header total stale
af2461b0-4ac8-4f05-a344-405b38df2366,ORD-1783524472657,a9a2e130-f584-40ea-a288-b2901bca39fb,22cdcbf8-f8d7-4676-bc5a-aa7464bd72bb,Delivered,2026-07-08 15:27:51.914218,0,274.50,274.50,0.00,274.50,274.50,274.50,274.50,274.50,VALID LEGACY INVOICE - order header total stale
70a40dba-f8e9-4a38-af8d-f4fe801b6993,ORD-1783528054972,66e693be-2c8c-4f60-a50b-914396060f91,,Delivered,2026-07-08 16:27:34.992001,0,916.50,916.50,0.00,916.50,916.50,916.50,916.50,916.50,VALID LEGACY INVOICE - order header total stale
8ff26706-aa18-4783-8397-764dc394b3e4,ORD-1783530690858,2b47678a-6482-4c53-ae2b-838ee7f770d5,,Delivered,2026-07-08 17:11:30.203878,0,213.04,177.53,35.51,177.53,213.04,213.04,213.04,213.04,VALID LEGACY INVOICE - order header total stale
2adec6dc-090f-4f17-8756-2ee94f44a7a0,ORD-1783533340504,9d512b68-645b-4643-8d9a-e8cd8941c779,,Delivered,2026-07-08 17:55:39.753606,0,201.25,201.25,0.00,201.25,201.25,201.25,201.25,201.25,VALID LEGACY INVOICE - order header total stale
6eb7b04a-b00e-499f-8779-9dfc6fbc47cd,ORD-1783536869969,aa9fd387-792b-44dc-90e9-d1d7c4822277,,Delivered,2026-07-08 18:54:29.254981,0,492.25,492.25,0.00,492.25,492.25,492.25,492.25,492.25,VALID LEGACY INVOICE - order header total stale
1c8ed0cb-965d-48a1-a7c1-ffd2837fedfe,ORD-1783536985516,aa9fd387-792b-44dc-90e9-d1d7c4822277,,Delivered,2026-07-08 18:56:24.810692,0,190.00,190.00,0.00,190.00,190.00,190.00,190.00,190.00,VALID LEGACY INVOICE - order header total stale
96f66974-4849-47ab-89f0-8be67b7920e4,ORD-1783587007872,6d2d66c7-81fa-43d4-95a9-ea3f450c7be1,,Delivered,2026-07-09 08:50:08.543232,0,286.36,238.63,47.73,238.63,286.36,286.36,286.36,286.36,VALID LEGACY INVOICE - order header total stale
9809c871-b2a8-4796-85da-14de71ec54ad,ORD-1783590940565,d4cf28c6-803f-4d60-9909-e11a6d202059,,Delivered,2026-07-09 09:55:39.962329,0,1072.20,893.50,178.70,893.50,1072.20,1072.20,1072.20,1072.20,VALID LEGACY INVOICE - order header total stale
bb785763-d659-4035-a53c-51e39d66382e,ORD-1783607744156,e1f2010f-7024-404c-91fe-9a4ae0748c66,,Delivered,2026-07-09 14:35:44.652219,0,381.97,318.31,63.66,318.31,381.97,381.97,381.97,381.97,VALID LEGACY INVOICE - order header total stale
3a0d3f87-3828-41ea-a714-e9e01a0e3ed3,ORD-1783625028018,46c6acb6-759b-4075-88ca-1d2d2677cbd2,,Delivered,2026-07-09 19:23:47.7535,0,545.00,454.17,90.83,454.17,545.00,545.00,545.00,545.00,VALID LEGACY INVOICE - order header total stale
37416dc7-88a4-4e74-8744-a8a323865d85,ORD-1783627326037,46c6acb6-759b-4075-88ca-1d2d2677cbd2,,Delivered,2026-07-09 20:02:05.733816,0,717.04,597.53,119.51,597.53,717.04,717.04,717.04,717.04,VALID LEGACY INVOICE - order header total stale
14552333-b664-4b2b-a6fb-9ed404210c2d,ORD-1783669328663,cf77177c-1a9d-4fe2-8b32-ee8d08c6fb68,,Delivered,2026-07-10 07:42:13.59642,0,229.78,191.48,38.30,191.48,229.78,229.78,229.78,229.78,VALID LEGACY INVOICE - order header total stale
de06a4d8-e50c-44e9-8fa3-532529b03fef,ORD-1783677331784,cbcd5ab9-d204-4866-b99c-daaf0b875cdb,,Delivered,2026-07-10 09:55:31.745495,0,429.00,357.50,71.50,357.50,522.82,522.82,522.82,250.00,VALID LEGACY INVOICE - order header total stale
9b78369c-73a8-4666-98d5-99c14b378fba,ORD-1783681802911,27a6eb1c-aa77-4129-a340-9e4698a3d6df,,Delivered,2026-07-10 11:10:03.04465,0,499.97,416.64,83.33,416.64,499.97,499.97,499.97,499.97,VALID LEGACY INVOICE - order header total stale
a06661d5-b554-434c-aef8-a168aba6d2e8,ORD-1783699036110,3c525a75-a937-4320-ac36-8e56ed3aa678,,Delivered,2026-07-10 15:57:16.301699,0,478.38,398.65,79.73,398.65,478.38,478.38,478.38,478.38,VALID LEGACY INVOICE - order header total stale
f9598222-b224-42b8-97cb-7df7fb65e072,ORD-1783706122832,f5874ce0-a9f1-46f6-90ae-6fe899066407,,Delivered,2026-07-10 17:55:23.174376,0,375.72,313.10,62.62,313.10,375.72,375.72,375.72,375.72,VALID LEGACY INVOICE - order header total stale
04f5ee26-d95f-4712-8f04-931b341f2c98,ORD-1783781283112,a9a2e130-f584-40ea-a288-b2901bca39fb,4c621f1e-5e75-47b9-a6e0-0f6f46c3b0b0,Delivered,2026-07-11 14:48:03.350074,0,572.75,572.75,0.00,572.75,650.00,,572.75,572.75,VALID LEGACY INVOICE - order header total stale
ccbf2c34-5891-469e-9779-7ea79ef2651d,ORD-1783859231280,46c6acb6-759b-4075-88ca-1d2d2677cbd2,,Delivered,2026-07-12 12:27:11.365466,0,536.95,447.46,89.49,447.46,1037.11,1037.11,1037.11,1037.11,VALID LEGACY INVOICE - order header total stale
45754acb-fbc9-4976-8129-cb050cb38087,ORD-1783947118311,7d85e0dc-6084-4035-b631-d8538e40fc96,,Delivered,2026-07-13 12:51:58.617141,0,13.50,13.50,0.00,13.50,47.50,47.50,47.50,47.50,VALID LEGACY INVOICE - order header total stale
1173df18-7d8b-47b5-a6b6-c350c5805447,ORD-1783968569000,63d35c9e-bff6-4bf0-8336-8e5f09af4751,,Delivered,2026-07-13 18:49:29.159869,0,1459.88,1216.57,243.31,1216.57,1459.88,1459.88,1459.88,1459.88,VALID LEGACY INVOICE - order header total stale
b7a2ef90-d834-4ea3-b181-8bcc2e6e72ba,ORD-1784043472348,2b47678a-6482-4c53-ae2b-838ee7f770d5,,Delivered,2026-07-14 15:37:52.499725,0,724.88,604.07,120.81,604.07,724.88,,724.88,518.34,VALID LEGACY INVOICE - order header total stale
0f3a1e9c-6738-4812-8d1d-944d7b879009,ORD-1784058955244,4a1c6903-78ff-46e5-840e-ee9e016e60d2,,Delivered,2026-07-14 19:55:56.396905,0,617.00,617.00,0.00,617.00,617.00,617.00,617.00,617.00,VALID LEGACY INVOICE - order header total stale
d2df2dbd-05e4-42b9-98ce-a8823f5b89f4,ORD-1784120110781,a9a2e130-f584-40ea-a288-b2901bca39fb,14ecdcd3-f761-4de5-a5e0-4fb8b2230b9e,Delivered,2026-07-15 12:55:11.58423,0,931.50,931.50,0.00,931.50,931.50,,931.50,931.50,VALID LEGACY INVOICE - order header total stale
b4fdc893-cee8-438f-ae48-f252b074eead,ORD-1784141727578,9d512b68-645b-4643-8d9a-e8cd8941c779,,Delivered,2026-07-15 18:55:29.050987,0,277.00,277.00,0.00,277.00,277.00,,277.00,87.00,VALID LEGACY INVOICE - order header total stale
0ed9e184-71ed-48a4-a23e-fcb3898acdfe,ORD-1784144566386,1c91b4f7-dd37-479f-aa86-52d6e3d70587,,Delivered,2026-07-15 19:42:46.616037,0,414.75,414.75,0.00,414.75,414.75,,414.75,414.75,VALID LEGACY INVOICE - order header total stale
6ac8f9b8-8d79-4265-b370-df71b28c24ac,ORD-1784191723465,6d2d66c7-81fa-43d4-95a9-ea3f450c7be1,,Delivered,2026-07-16 08:48:43.756425,0,291.30,242.75,48.55,242.75,291.30,,291.30,291.30,VALID LEGACY INVOICE - order header total stale
f7b0644e-3d8d-4936-aa1e-09e41f7a8473,ORD-1784197506132,d4cf28c6-803f-4d60-9909-e11a6d202059,,Delivered,2026-07-16 10:25:04.090851,0,838.90,699.08,139.82,699.08,838.90,,838.90,838.90,VALID LEGACY INVOICE - order header total stale
8606ac05-ac97-4380-929f-28922830b74b,ORD-1784207369284,aa9fd387-792b-44dc-90e9-d1d7c4822277,,Delivered,2026-07-16 13:09:30.007292,0,662.63,552.19,110.44,552.19,681.82,,662.63,662.63,VALID LEGACY INVOICE - order header total stale
73bf680c-f3d9-4281-866d-f6f9c0c3ec9a,ORD-1784221040744,e1f2010f-7024-404c-91fe-9a4ae0748c66,,Delivered,2026-07-16 16:57:21.695296,0,216.62,180.52,36.10,180.52,309.92,,309.92,309.92,VALID LEGACY INVOICE - order header total stale
52178dae-45d6-4858-ae8c-907796e47c66,ORD-1784224445293,a9a2e130-f584-40ea-a288-b2901bca39fb,d1adb697-2de3-4cf6-b898-aa16e32d4a79,Delivered,2026-07-16 17:54:04.007782,0,300.00,300.00,0.00,300.00,300.00,,300.00,300.00,VALID LEGACY INVOICE - order header total stale
d26bec14-bbac-4717-a3a0-e17f9ea66e0d,ORD-1784225807857,7121f685-1d2f-4ec1-81ad-a775581e1665,,Delivered,2026-07-16 18:16:48.007963,0,135.75,135.75,0.00,135.75,168.00,,168.00,168.00,VALID LEGACY INVOICE - order header total stale
55330e93-37a7-4306-a305-9e15eaf8a719,ORD-1784271423931,cf77177c-1a9d-4fe2-8b32-ee8d08c6fb68,,Delivered,2026-07-17 06:57:17.025695,0,524.48,437.07,87.41,437.07,568.99,,568.99,568.99,VALID LEGACY INVOICE - order header total stale
ae3d0a26-e36c-4a3f-bb52-57465f1e6df6,ORD-1784274909662,3c525a75-a937-4320-ac36-8e56ed3aa678,,Delivered,2026-07-17 07:55:09.760911,0,353.71,294.76,58.95,294.76,353.71,,353.71,353.71,VALID LEGACY INVOICE - order header total stale
